[
  "Aargau, Suíça",
  "Appenzell Ausserrhoden, Suíça",
  "Appenzell Innerrhoden, Suíça",
  "Basileia-Cidade, Suíça",
  "Basileia-Campo, Suíça",
  "Berna, Suíça",
  "Friburgo, Suíça",
  "Genebra, Suíça",
  "Glarus, Suíça",
  "Grisões, Suíça",
  "Jura, Suíça",
  "Lucerna, Suíça",
  "Neuchâtel, Suíça",
  "Nidwald, Suíça",
  "Obwald, Suíça",
  "Schaffhausen, Suíça",
  "Schwyz, Suíça",
  "Solothurn, Suíça",
  "São Galo, Suíça",
  "Tessino, Suíça",
  "Thurgau, Suíça",
  "Uri, Suíça",
  "Valais, Suíça",
  "Vaud, Suíça",
  "Zug, Suíça",
  "Zurique, Suíça"
]